<?xml version="1.0" encoding="UTF-8" standalone="yes"?>
<addon id="addons.waticloud.jarvis"
		name="Waticloud centre d'extentions"
		version="1.0.0"
		provider-name="Waticloud">
  <requires>
    <import addon="xbmc.addon" version="12.0.0"/>
  </requires>
	<extension point="xbmc.addon.repository">
        <info>http://depot-xml.waticloud.com/jarvis/addons.xml.php</info>
		<checksum>http://depot-md5.waticloud.com/jarvis/addons.xml.md5.php</checksum>
		<datadir>http://depot-dir.waticloud.com/jarvis/</datadir>
	</extension>
	<extension point="xbmc.addon.metadata">
		<disclaimer lang="fr_FR">Un add-on est un ajout logiciel, permettant d'apporter une extension à un logiciel. ... Avec un logiciel classique, l'add-on apporte de nouvelles fonctionnalités. L'add-on est généralement produit par l'éditeur du logiciel, contrairement au plug-ins.</disclaimer>
		<platform>all</platform>
	</extension>
</addon>
