<?xml version="1.0" encoding="UTF-8" standalone="yes"?>
<addon id="addons.waticloud"
		name="Waticloud : Centre d'extentions"
		version="1.0.0"
		provider-name="Waticloud">
  <requires>
    <import addon="xbmc.addon" version="12.0.0"/>
  </requires>
	<extension point="xbmc.addon.repository">
        <info>http://www.depot-xml.waticloud.com</info>
		<checksum>http://www.depot-md5.waticloud.com</checksum>
		<datadir>http://www.depot-dir.waticloud.com/</datadir>
	</extension>
	<extension point="xbmc.addon.metadata">
		<disclaimer lang="fr_CA">Un add-on est un ajout logiciel, permettant d'apporter une extension à un logiciel. ... Avec un logiciel classique, l'add-on apporte de nouvelles fonctionnalités. L'add-on est généralement produit par l'éditeur du logiciel, contrairement au plug-ins.</disclaimer>
		<disclaimer lang="fr_FR">An add-on is a software add-on, allowing to extend to a software. ... With a classic software, the add-on brings new features. The add-on is a product of the software editor, unlike the plug-ins.</disclaimer>
		<platform>all</platform>
	</extension>
</addon>
